src_entity_id,relation_type,des_entity_id,src_DrawX,src_DrawY,des_DrawX,des_DrawY
0,护航,1,0.0,0.0,305.5615182034959,64.80934911197647
0,避障,4,0.0,0.0,-17.857361896060116,46.470889490746586
2,追捕,0,200.53805362643828,87.97608212812675,0.0,0.0
2,护航,3,200.53805362643828,87.97608212812675,160.23089036741135,19.590982234465542
3,追捕,0,160.23089036741135,19.590982234465542,0.0,0.0
3,追捕,1,160.23089036741135,19.590982234465542,305.5615182034959,64.80934911197647
