src_entity_id,relation_type,des_entity_id,src_DrawX,src_DrawY,des_DrawX,des_DrawY
0,护航,2,0.0,0.0,-10.603375538483363,305.17190401698275
1,追捕,2,-69.6896339446915,226.13313683266577,-10.603375538483363,305.17190401698275
2,追捕,0,-10.603375538483363,305.17190401698275,0.0,0.0
2,护航,1,-10.603375538483363,305.17190401698275,-69.6896339446915,226.13313683266577
2,避障,3,-10.603375538483363,305.17190401698275,-18.62386895806747,367.4005453061868
