src_entity_id,relation_type,des_entity_id,src_DrawX,src_DrawY,des_DrawX,des_DrawY
0,追捕,3,0.0,0.0,128.5743565031987,-225.56083694306332
1,追捕,0,-110.71992364939238,143.2672199476256,0.0,0.0
2,护航,1,349.4929641835508,-172.91277539850893,-110.71992364939238,143.2672199476256
3,护航,1,128.5743565031987,-225.56083694306332,-110.71992364939238,143.2672199476256
3,追捕,2,128.5743565031987,-225.56083694306332,349.4929641835508,-172.91277539850893
