src_entity_id,relation_type,des_entity_id,src_DrawX,src_DrawY,des_DrawX,des_DrawY
0,避障,5,0.0,0.0,1.8459567281810572,-28.944837504914272
1,护航,2,-125.47531613141919,249.96331464027952,39.742127319255225,-193.65797416380545
1,追捕,3,-125.47531613141919,249.96331464027952,121.7065945364642,-83.36699941385011
2,护航,1,39.742127319255225,-193.65797416380545,-125.47531613141919,249.96331464027952
2,护航,3,39.742127319255225,-193.65797416380545,121.7065945364642,-83.36699941385011
3,追捕,1,121.7065945364642,-83.36699941385011,-125.47531613141919,249.96331464027952
