src_entity_id,relation_type,des_entity_id,src_DrawX,src_DrawY,des_DrawX,des_DrawY
1,护航,0,-1.4198056812783737,202.01592469571116,0.0,0.0
2,护航,3,-83.47796691665646,134.71278736893504,40.796893610751226,-7.642353314599106
