src_entity_id,relation_type,des_entity_id,src_DrawX,src_DrawY,des_DrawX,des_DrawY
0,追捕,3,0.0,0.0,157.03826439369098,-151.53902691990257
1,护航,0,-38.27865648297739,-112.7248662124384,0.0,0.0
2,追捕,3,205.3190505991537,-86.39158373608403,157.03826439369098,-151.53902691990257
4,追捕,3,129.29813643841,56.27729906929028,157.03826439369098,-151.53902691990257
